4800,"Citra,FL"
4801,"Coquina Key,FL"
4802,"Sawgrass,FL"
4803,Everglades 
4804,"Miami/keys,FL"
4805,"Broward County,FL"
4806,"Pinecrest,FL"
4807,"Jonesville,FL"
4808,Broward County 
4809,"Cross City,FL"
4810,"Williston/ Archer,FL"
4811,"Ft. Walton Beach,FL"
4812,Mahogany Hammock 
4813,North East Orlando 
4814,"Venice Beach,FL"
4815,Live Oak/Pensacola 
4816,Tampa/Miami 
4817,"Osceola County,FL"
4818,"Eglin AFB,FL"
4819,"Jay,FL"
4820,Dade City 
4821,"NASA,FL"
4822,Jasper 
4823,Altha 
4824,"Lake Okeechoobee,FL"
4825,"Surfside,FL"
4826,Kendall 
4827,"Flemington,FL"
4828,Dundee 
4829,"New Symrna beach,FL"
4830,"Florida Keys,FL"
4831,"none,FL"
4832,"Minneola,FL"
4833,"Tierra Verde,FL"
4834,"Durham,FL"
4835,"Pahokee,FL"
4836,"Fern Park,FL"
4837,"Orange Lake,FL"
4838,"Keys,FL"
4839,"Highway location,FL"
4840,Gulf of Mexico 
4841,"Port Everglades/Fort Lauderdale,FL"
4842,Talahassee 
4843,Nassau 
4844,"Roanoke,FL"
4845,"Chermont,FL"
4846,Two Egg 
4847,"Two Egg Mariana,FL"
4848,"Lake  Wales,FL"
4849,"Cutler Ridge,FL"
4850,"Ocean off Miami,FL"
4851,"Bithlo,FL"
4852,"Hallandale/Hollywood,FL"
4853,"Chattahoochee,FL"
4854,"Opa Locka,FL"
4855,"North Dade County,FL"
4856,Boca Raton 
4857,"Valparaiso,FL"
4858,"Bartow/Mulberry,FL"
4859,"Woodland Hills,FL"
4860,"Pine castle AFB,FL"
4861,"Veigus Island,FL"
4862,Bonifay 
4863,"Polk City/Lakeland,FL"
4864,"North Tampa,FL"
4865,"West Palm,FL"
4866,"Fruitland Park,FL"
4867,"Indian Lakes Estates,FL"
4868,"Hillsborough County,FL"
4869,"Donaldsonville,GA"
4870,"Decatur,GA"
4871,"Canton,GA"
4872,"Hiram,GA"
4873,"Acworth,GA"
4874,"Roswell,GA"
4875,"Social Circle,GA"
4876,"Hopulikit,GA"
4877,"Duluth,GA"
4878,"Valdosta,GA"
4879,"Stockbridge,GA"
4880,"Macon,GA"
4881,"Dawsonville,GA"
4882,"Conyers,GA"
4883,"Atlanta,GA"
4884,"Cumming,GA"
4885,"Senoia,GA"
4886,"Powder Springs,GA"
4887,"Rome,GA"
4888,"Oak Park,GA"
4889,"Reynolds,GA"
4890,"Hinesville,GA"
4891,"Ball Ground,GA"
4892,"Suwanee,GA"
4893,"Sylvania,GA"
4894,"Marietta,GA"
4895,"Snellville,GA"
4896,"Riverdale,GA"
4897,"Arcade,GA"
4898,"Kingsland,GA"
4899,"Athens,GA"
4900,"McDonough,GA"
4901,"Tyrone,GA"
4902,"Warner Robins,GA"
4903,"Gainesville,GA"
4904,"Newnan,GA"
4905,"Bethlehem,GA"
4906,"Hoschton,GA"
4907,"Woodstock,GA"
4908,"Thomasville,GA"
4909,"Alpharetta,GA"
4910,"Winder,GA"
4911,"Johns Creek,GA"
4912,"Grovetown,GA"
4913,"Augusta,GA"
4914,"Loganville,GA"
4915,"Douglasville,GA"
4916,"Dallas,GA"
4917,"Crandall,GA"
4918,"Columbus,GA"
4919,"Adairsville,GA"
4920,"Blue Ridge,GA"
4921,"Savannah,GA"
4922,"Lilburn,GA"
4923,"Austell,GA"
4924,"Buford,GA"
4925,"Thomson,GA"
4926,"Hawkinsville,GA"
4927,"Boston,GA"
4928,"Varnell,GA"
4929,"Bremen,GA"
4930,"Carrollton,GA"
4931,"Kennesaw,GA"
4932,"Blackshear,GA"
4933,"St. Marys,GA"
4934,"Saint Simons Island,GA"
4935,"Lawrenceville,GA"
4936,"Ashburn,GA"
4937,"Glennville,GA"
4938,"Milner,GA"
4939,"Covington,GA"
4940,"Cataula,GA"
4941,"Cornelia,GA"
4942,"Byron,GA"
4943,"LaGrange,GA"
4944,"Stone Mountain,GA"
4945,"Smyrna,GA"
4946,"Waleska,GA"
4947,"Johns Creek/Atlanta,GA"
4948,"Evans,GA"
4949,"Luella,GA"
4950,"Jasper,GA"
4951,"Lookout Mountain,GA"
4952,"Chatsworth,GA"
4953,"Oakwood,GA"
4954,"Douglas,GA"
4955,"Wrightsville,GA"
4956,"Whitesburg,GA"
4957,"Arabi,GA"
4958,"Griffin,GA"
4959,"Sparta,GA"
4960,"Fort Oglethorpe,GA"
4961,"Cleveland,GA"
4962,"Clermont,GA"
4963,"Grayson,GA"
4964,"Between,GA"
4965,"Aloharetta,GA"
4966,"Sharpsburg,GA"
4967,"Monticello,GA"
4968,"Cedartown,GA"
4969,"Pembroke,GA"
4970,"Ringgold,GA"
4971,"Pine Mountain,GA"
4972,"Pineview,GA"
4973,"Barnesville,GA"
4974,"Dacula,GA"
4975,"Jefferson,GA"
4976,"Woods Canyon Lake,GA"
4977,"Las Vegas,GA"
4978,"Lula,GA"
4979,"Calhoun,GA"
4980,"St. Simons Island,GA"
4981,"Statesboro,GA"
4982,"Unadilla,GA"
4983,"Dublin,GA"
4984,"Canton/Marietta,GA"
4985,"Flowery Branch,GA"
4986,"Tifton,GA"
4987,"Wadley,GA"
4988,"Albany,GA"
4989,"Coolidge,GA"
4990,"Cartersville,GA"
4991,"Villa Rica,GA"
4992,"Doerun,GA"
4993,"Blythe,GA"
4994,"Tybee Island,GA"
4995,"Marietta/Roswell,GA"
4996,Lincoln County 
4997,"Sandy Springs,GA"
4998,"Cumming/Alpharetta,GA"
4999,"Port Wentworth,GA"
5000,"Garfield,GA"
5001,"Twin City,GA"
5002,"Lakemont,GA"
5003,"Nashville,GA"
5004,"Hogansville,GA"
5005,"Rentz,GA"
5006,"Meansville,GA"
5007,"Fayetteville,GA"
5008,"Savannah/Jacksonville,GA"
5009,"White Plains,GA"
5010,"Locust Grove,GA"
5011,"Watkinsville,GA"
5012,"Pulaski County,GA"
5013,"Dahlonega,GA"
5014,"Tunnel Hill,GA"
5015,"Summerville,GA"
5016,"Thomaston,GA"
5017,"Peachtree City/Newnan,GA"
5018,"Pitts,GA"
5019,"White,GA"
5020,"Jonesboro,GA"
5021,"Rossville,GA"
5022,"Millen,GA"
5023,"Hephzibah,GA"
5024,"Colquitt,GA"
5025,"Monroe,GA"
5026,"Lilly,GA"
5027,"Junction City,GA"
5028,"Norcross,GA"
5029,"Martinez,GA"
5030,"Zebulon,GA"
5031,"Hampton,GA"
5032,"Leesburg,GA"
5033,"Clarkesville,GA"
5034,"Downingtown,GA"
5035,"Auburn,GA"
5036,"Brunswick,GA"
5037,"Martin,GA"
5038,"Moultrie,GA"
5039,"Dalton,GA"
5040,"Ellijay,GA"
5041,"Quitman,GA"
5042,"Lagrange,GA"
5043,"North Atlanta,GA"
5044,"Buchanan,GA"
5045,"Bogart,GA"
5046,"Lakeland,GA"
5047,"Dudley,GA"
5048,"Clayton,GA"
5049,"Perry,GA"
5050,"Mineral Bluff,GA"
5051,"Cummings,GA"
5052,"Buckhead,GA"
5053,"Peachtree City,GA"
5054,"Peachtree city,GA"
5055,"Dacula/Auburn,GA"
5056,"Hartwell,GA"
5057,"Cuthbert,GA"
5058,Bartow County 
5059,"Waynesboro,GA"
5060,"Dearing,GA"
5061,"Rockmart,GA"
5062,"Americus,GA"
5063,"Adel,GA"
5064,"Grayson/Lawrenceville area,GA"
5065,"Ty Ty,GA"
5066,"Silver Creek,GA"
5067,"Oxford,GA"
5068,"Hiawassee,GA"
5069,"Bonaie,GA"
5070,"Milton,GA"
5071,"Rex,GA"
5072,"East Dublin,GA"
5073,"Greensboro,GA"
5074,Rabun County 
5075,"Warm Springs,GA"
5076,"Centerville,GA"
5077,"Brooks,GA"
5078,"Kingston,GA"
5079,"Appling,GA"
5080,"Franklin,GA"
5081,"Smarr,GA"
5082,"Funston,GA"
5083,"Trion,GA"
5084,"Geneva,GA"
5085,"Nicholson,GA"
5086,"Lawerenceville,GA"
5087,"West point,GA"
5088,"Vidalia,GA"
5089,"Midway,GA"
5090,"Holly Springs,GA"
5091,"Lincolnton,GA"
5092,"Trenton,GA"
5093,"Guyton,GA"
5094,"Swainsboro,GA"
5095,"Woodbine,GA"
5096,"Concord,GA"
5097,"Portal,GA"
5098,"Cave Spring,GA"
5099,"McCaysville,GA"
5100,"Ludowici,GA"
5101,"Jackson,GA"
5102,"Statham,GA"
5103,"Pearson,GA"
5104,"Wrens,GA"
5105,"Brooklet,GA"
5106,"Rising Fawn,GA"
5107,"N FL; S GA,GA"
5108,"Millwood,GA"
5109,"Rincon,GA"
5110,"Albany/Peacan City,GA"
5111,"Pelham,GA"
5112,"Cochran,GA"
5113,"Metter,GA"
5114,"Comer,GA"
5115,"Chickamauga,GA"
5116,"Forest Park,GA"
5117,"Plains,GA"
5118,"in space,GA"
5119,"Lithonia,GA"
5120,"Mableton,GA"
5121,"Talking Rock,GA"
5122,"Mitchell,GA"
5123,"Screven,GA"
5124,"Omega,GA"
5125,"Gillsville,GA"
5126,"Dunwoody,GA"
5127,"Ft. Oglethorpe,GA"
5128,"College Park,GA"
5129,"Sugar Hill,GA"
5130,"Sandersville,GA"
5131,"Temple,GA"
5132,"Warthen,GA"
5133,"Reidsville,GA"
5134,"Gibson,GA"
5135,"Rock Spring,GA"
5136,"Fort Gaines,GA"
5137,"Hortense,GA"
5138,"Uvalda,GA"
5139,"Cumberland Island National Seashore,GA"
5140,Brevard 
5141,"Blueridge,GA"
5142,"Lawrenceville/Grayson area,GA"
5143,"Jessup,GA"
5144,Meldrim 
5145,Atlanta 
5146,"Norcoss,GA"
5147,"Haylow,GA"
5148,"Bethleham,GA"
5149,"Ellerslie,GA"
5150,"Tucker,GA"
5151,"Mcdonough,GA"
5152,"Hamilton,GA"
5153,"Marietta/Kennesaw,GA"
5154,"Lithia Springs,GA"
5155,"Alto,GA"
5156,"Carnsville,GA"
5157,"Cecil,GA"
5158,"brunswick,GA"
5159,"Danville,GA"
5160,"Ray City,GA"
5161,"Waynesville,GA"
5162,"Mauk,GA"
5163,"Ft. Gordon,GA"
5164,"Richmond Hill,GA"
5165,"Milledgeville,GA"
5166,"Berlin,GA"
5167,"Demorest,GA"
5168,"Alpheretta,GA"
5169,"Eden,GA"
5170,"Euharlee,GA"
5171,"Suwannee,GA"
5172,"Keysville,GA"
5173,"Toccoa,GA"
5174,"Fitzgerald,GA"
5175,unsure exact name 
5176,"Sandy springs,GA"
5177,"Bloomingdale,GA"
5178,"Ideal,GA"
5179,"Claxton,GA"
5180,"Enigma,GA"
5181,"Canon,GA"
5182,"Waycross,GA"
5183,"Cairo,GA"
5184,"Carnesville,GA"
5185,"Forsyth,GA"
5186,"Rabun Gap,GA"
5187,"Suwanee/Gwinnett County,GA"
5188,"Peach Tree City,GA"
5189,Savannah 
5190,"Ocilla,GA"
5191,"Morganton,GA"
5192,Starrsville 
5193,"Bufod,GA"
5194,"Sautee Nacoochee,GA"
5195,"Ambrose,GA"
5196,"Allenhurst,GA"
5197,"Marble Hill,GA"
5198,"Baconton,GA"
5199,"Lithiona,GA"
5200,Tybee Island 
5201,"Commerce,GA"
5202,"Mount Airy,GA"
5203,Decatur 
5204,"Pendergrass,GA"
5205,"Doraville,GA"
5206,Columbus 
5207,"Tifton - Omega,GA"
5208,"Newington,GA"
5209,"Taylorsville,GA"
5210,Blue Ridge 
5211,"Flovilla,GA"
5212,"Blairsville,GA"
5213,"Nahunta,GA"
5214,"Eatonton,GA"
5215,"Jensen Beach,GA"
5216,Dalton/Atlanta 
5217,"North Georgia,GA"
5218,"Harrisonville,GA"
5219,"Havana,GA"
5220,"Wildwood,GA"
5221,"Newborn,GA"
5222,"Osierfield,GA"
5223,"Grantville,GA"
5224,"Fairburn,GA"
5225,"Bluffton,GA"
5226,"Fort Benning,GA"
5227,"Marietta area,GA"
5228,"Suches,GA"
5229,"Palmetto,GA"
5230,"Fresno,GA"
5231,"Jeffersonville,GA"
5232,"Orlando,GA"
5233,"Fortson,GA"
5234,"Hiawasee,GA"
5235,"Flower Branch,GA"
5236,"Harlem,GA"
5237,"Manor,GA"
5238,"Cohutta,GA"
5239,"Shell Bluff,GA"
5240,"Bainbridge,GA"
5241,"Sycamore,GA"
5242,Forest Park 
5243,Calhoun 
5244,"LaFayette,GA"
5245,"Gray,GA"
5246,"Garden city,GA"
5247,"Eulonia,GA"
5248,Georgia 
5249,Meriwether County 
5250,Meriwether  County 
5251,"Greenville,GA"
5252,In-orbit 
5253,"Morrow,GA"
5254,"Gilmer County,GA"
5255,"Eastman,GA"
5256,Suwanee 
5257,"Chattahoochee County,GA"
5258,"Lavonia,GA"
5259,"Sumner,GA"
5260,Fulton County 
5261,Tampa/Nashville (to) 
5262,"Georgia,GA"
5263,"Conyers/Walton area,GA"
5264,"Carrolton,GA"
5265,"Sargent,GA"
5266,Palmetto 
5267,"Greers Ferry,GA"
5268,"Okeechobee,GA"
5269,"Atlanta/Dobbs AFB,GA"
5270,"Lyons,GA"
5271,Hawkinsville 
5272,"Wilkinson County,GA"
5273,"Cassville,GA"
5274,Union City 
5275,"Kennesaw/Marietta,GA"
5276,Chatsworth 
5277,Los Angeles/Atlanta 
5278,"Gwinnett,GA"
5279,"Dillard,GA"
5280,Hiram 
5281,Moultrie/Doerlin 
5282,Wilmington Island 
5283,Rome (GA)/Cedar Bluff 
5284,Douglasville 
5285,Duluth 
5286,"Hull,GA"
5287,Rydal 
5288,"Cordele,GA"
5289,Valdosta 
5290,"it was in the middle of no where,GA"
5291,"Fort Gordon,GA"
5292,"Primrose,GA"
5293,"Newton,GA"
5294,Rome/Armuchee 
5295,"Bonaire,GA"
5296,"Pooler,GA"
5297,"Tompson,GA"
5298,"Lumpkin,GA"
5299,"Smryna,GA"
5300,"Jeckyll Island,GA"
5301,"Oglethorpe,GA"
5302,"Rockdale County,GA"
5303,"Mergas,GA"
5304,"Black Shear,GA"
5305,"Ft Benning,GA"
5306,"Alvaton,GA"
5307,"Waverly,GA"
5308,"Sugar Valley,GA"
5309,"Lafayette,GA"
5310,"Rockyface,GA"
5311,"Ft. Stewart,GA"
5312,"Maysville,GA"
5313,Eatonton 
5314,"Waverly Hall,GA"
5315,"Tocca,GA"
5316,Carrollton 
5317,"Savanah,GA"
5318,"Wiley,GA"
5319,"Savannah/Tybee Island,GA"
5320,Savannah/Register 
5321,"Black Creek Community,GA"
5322,"Fort Valley,GA"
5323,"Between Jackson Fla. &amp; Atlanta Ga.,GA"
5324,Jacksonville Flat &amp; Atlanta 
5325,Georgia coast 
5326,"Cartecay,GA"
5327,Augusta 
5328,"Kings Bay,GA"
5329,"Fort Gardens,GA"
5330,"Clarkston,GA"
5331,"Robbins AFB,GA"
5332,"Gainsville,GA"
5333,"Folkston,GA"
5334,"Tate,GA"
5335,"Betty Creek,GA"
5336,"Ft. Benning,GA"
5337,"Andersonville,GA"
5338,"Thompson,GA"
5339,"Huntingdon,GA"
5340,"Hapeville,GA"
5341,"Cave Springs,GA"
5342,"Dubuque,IA"
5343,"Newton,IA"
5344,"Holstein,IA"
5345,"West Union,IA"
5346,"Ames,IA"
5347,"Cedar Rapids,IA"
5348,"West Des Moines,IA"
5349,"Casey,IA"
5350,"Bettendorf,IA"
5351,"Bagley,IA"
5352,"Jasper County,IA"
5353,"Eldora,IA"
5354,"Creston,IA"
5355,"Osceola,IA"
5356,"Marion,IA"
5357,"Des Moines,IA"
5358,"Iowa City,IA"
5359,"Centerville,IA"
5360,"Marshalltown,IA"
5361,"Cedar Falls,IA"
5362,"Dyersville,IA"
5363,"Waterloo,IA"
5364,"Burlington,IA"
5365,"Robins,IA"
5366,"Batavia,IA"
5367,"Muscatine,IA"
5368,"Ossian,IA"
5369,"Sioux City,IA"
5370,"Waukee,IA"
5371,"Windsor Heights,IA"
5372,"Charles City,IA"
5373,"Carroll,IA"
5374,"Davenport,IA"
5375,"Urbandale,IA"
5376,"Sidney,IA"
5377,"Granger,IA"
5378,"Maryville,IA"
5379,"Frederika,IA"
5380,"Keokuk,IA"
5381,"Council Bluffs,IA"
5382,"West Point,IA"
5383,"Brayton,IA"
5384,"Little Rock,IA"
5385,"Steamboat Rock,IA"
5386,"Sanborn,IA"
5387,"Rockford,IA"
5388,"Manchester,IA"
5389,"North Liberty,IA"
5390,"Fredericksburg,IA"
5391,"Oskaloosa,IA"
5392,"Coralville,IA"
5393,"Fort Dodge,IA"
5394,Platsmouth 
5395,"Colwell,IA"
5396,"Asbury,IA"
5397,"Mason City,IA"
5398,"Ankeny,IA"
5399,"Hedrick,IA"
5400,"Chariton,IA"
5401,"Montrose,IA"
5402,"Melbourne,IA"
5403,"Sabula,IA"
5404,"Sumner,IA"
5405,"West Branch,IA"
5406,"Lenox,IA"
5407,"Polk City,IA"
5408,"Altoona,IA"
5409,"Iowa City Hwy 218 north, I-380 north, Cedar Rapids),IA"
5410,"Decorah,IA"
5411,"Riverside,IA"
5412,"Ainsworth,IA"
5413,"Clinton,IA"
5414,"Boone,IA"
5415,"Arlington,IA"
5416,"Humboldt,IA"
5417,"Iowa city,IA"
5418,"Carter Lake,IA"
5419,"Lake City,IA"
5420,"Sheldon,IA"
5421,"Hiawatha,IA"
5422,"Dike,IA"
5423,"Cresco,IA"
5424,"Winterset,IA"
5425,"Key West, Dubuque,IA"
5426,"Toledo,IA"
5427,"Iowa Cuty,IA"
5428,"Clarksville,IA"
5429,"Stanton,IA"
5430,"Stuart,IA"
5431,"Palo,IA"
5432,"Hiawatha/Cedar Rapids,IA"
5433,"Mondamin,IA"
5434,"Allendorf,IA"
5435,"Webster City,IA"
5436,"Shelby,IA"
5437,"Arcadia,IA"
5438,"Knoxville,IA"
5439,"Wheatland,IA"
5440,"Eldridge,IA"
5441,"Legrand,IA"
5442,"Kelley,IA"
5443,"Paton,IA"
5444,"DeWitt,IA"
5445,"Evansdale,IA"
5446,"Mount Vernon,IA"
5447,"Estherville,IA"
5448,"Fayette,IA"
5449,Badger 
5450,"Vinton,IA"
5451,"Fonda,IA"
5452,"Storm Lake,IA"
5453,"Bondurant,IA"
5454,"LeClaire,IA"
5455,"Bloomfield,IA"
5456,"Van Horne,IA"
5457,"Cummings,IA"
5458,"Adel,IA"
5459,"Mt. Pleasant,IA"
5460,"Ottumwa,IA"
5461,"Bevington,IA"
5462,Eldridge 
5463,"Perry,IA"
5464,"Lemars,IA"
5465,"Hazelton,IA"
5466,"Corning,IA"
5467,"Clear Lake,IA"
5468,"Pella,IA"
5469,"Reinbeck,IA"
5470,"Dysart,IA"
5471,"Story City,IA"
5472,"Pleasanton,IA"
5473,Ames 
5474,"Gilmore City,IA"
5475,"Spencer,IA"
5476,"Lafayette,IA"
5477,"Mingo,IA"
5478,"Tama,IA"
5479,"Clive,IA"
5480,"Fairfield,IA"
5481,"Sherrill,IA"
5482,"Sioiux City,IA"
5483,"Floyd,IA"
5484,"Ruthven,IA"
5485,"Woodward,IA"
5486,"Belle Plaine,IA"
5487,"De Soto,IA"
5488,"Audubon,IA"
5489,Waukon 
5490,"Merrill,IA"
5491,"Bonaparte,IA"
5492,"Campo,IA"
5493,"Lamoni,IA"
5494,"Fort Madison,IA"
5495,"Saint Charles,IA"
5496,"Walnut,IA"
5497,"Shenandoah,IA"
5498,"Osceola to Kansas City,IA"
5499,"Ventura,IA"
5500,"Algona,IA"
5501,"Dow City,IA"
5502,"Graettinger,IA"
5503,"Indianola,IA"
5504,"Langdon,IA"
5505,"New Hampton,IA"
5506,"Red Oak,IA"
5507,"Hancock County,IA"
5508,"Solon,IA"
5509,"Atlantic,IA"
5510,"Country Side,IA"
5511,"Mediapolis,IA"
5512,"Smithland,IA"
5513,"Webb,IA"
5514,"Waukon,IA"
5515,"Cascade,IA"
5516,"Rockwell City,IA"
5517,"Correctionville,IA"
5518,"Albia,IA"
5519,"Monticello,IA"
5520,Keystone 
5521,"Otley,IA"
5522,"Atlantic and Audubon,IA"
5523,"Adair,IA"
5524,"Hartley,IA"
5525,"Stratford,IA"
5526,"Spirit Lake,IA"
5527,"La Motte,IA"
5528,"Harpers Ferry,IA"
5529,"Manilla,IA"
5530,"Osceloa,IA"
5531,"Norwalk,IA"
5532,"Glidden,IA"
5533,"Wall Lake,IA"
5534,"Various counties,IA"
5535,"Pocahontas,IA"
5536,Iowa City 
5537,"Sioux city,IA"
5538,"Waukee/Clive,IA"
5539,"Brighton,IA"
5540,"Coalville,IA"
5541,"Malvern,IA"
5542,"Sutherland,IA"
5543,Des Moines 
5544,"Columbus Junction,IA"
5545,"Manly,IA"
5546,"Woodbine,IA"
5547,"Elkader,IA"
5548,"Titonka,IA"
5549,Wallingford 
5550,"Wallingford,IA"
5551,"Truro,IA"
5552,"Preston,IA"
5553,Waterloo 
5554,"Granville,IA"
5555,"Onawa,IA"
5556,"Ryan,IA"
5557,"Mapleton,IA"
5558,"Glenwood,IA"
5559,Dubuque 
5560,"Anamosa,IA"
5561,"Swaledale,IA"
5562,Coralville 
5563,"Johnston,IA"
5564,"Mt Ayr,IA"
5565,"Iowa,IA"
5566,"Rolfe,IA"
5567,"Missouri Valley,IA"
5568,Sioux City/Omaha 
5569,"Sioux Center,IA"
5570,"Carlisle,IA"
5571,"Milford,IA"
5572,Ogden 
5573,Elkport 
5574,"Lake Mills,IA"
5575,"Grimes,IA"
5576,"Arnolds Park,IA"
5577,"Avoca,IA"
5578,"Dayton,IA"
5579,"Lynnville,IA"
5580,Onawa 
5581,"Victor,IA"
5582,"Fremont,IA"
5583,"Clarinda,IA"
5584,Durant 
5585,Norwalk 
5586,Kellogg 
5587,"Emmetsburg,IA"
5588,Brighton 
5589,"Bettendorf/Davenport,IA"
5590,Pleasantville 
5591,"Humeston,IA"
5592,Grand Mound 
5593,"Clearfield,IA"
5594,"Shanadoah,IA"
5595,"Panora,IA"
5596,"Mechanicsville,IA"
5597,Davenport 
5598,"Okoboji,IA"
5599,"Denison,IA"
5600,Anamosa/Cedar Rapids 
5601,"Trenton,IA"
5602,"Rock Valley,IA"
5603,"Adair County,IA"
5604,"Lu Verne,IA"
5605,"Earlham,IA"
5606,"Boyden,IA"
5607,Mason City 
5608,"Clarion,IA"
5609,"Decatur City,IA"
5610,"Decatur,IA"
5611,"Osage,IA"
5612,"Shellsburg,IA"
5613,"Maquoketa,IA"
5614,"Wapello,IA"
5615,"Morning Sun,IA"
5616,"Dorchester,IA"
5617,Sioux City (IA)/Sioux Falls (SD) 
5618,"Northwood,IA"
5619,"West Liberty,IA"
5620,Muscatine 
5621,"Grinnell,IA"
5622,"Jefferson,IA"
5623,"Larchwood,IA"
5624,"Westfield,IA"
5625,"Oelwein,IA"
5626,"Redfield,IA"
5627,Silver City 
5628,"Bellevue,IA"
5629,"Tabor,IA"
5630,"Hornick,IA"
5631,"St. Ansgar,IA"
5632,"Martelle,IA"
5633,"Nampa,ID"
5634,"Lava Hot Springs,ID"
5635,"Melba,ID"
5636,"Hope,ID"
5637,"Boise,ID"
5638,"Coeur d\\\\\\'Alene,ID"
5639,"Eden,ID"
5640,"Caldwell,ID"
5641,"Middleton,ID"
5642,"Twin Falls,ID"
5643,"Garden City,ID"
5644,"Hailey,ID"
5645,"Kuna,ID"
5646,"Idaho Falls,ID"
5647,"Weiser,ID"
5648,"Rexburg,ID"
5649,Elmore County 
5650,"Mountain Home,ID"
5651,"Emmett,ID"
5652,"Meridian,ID"
5653,"Buhl,ID"
5654,"DeSmet,ID"
5655,"Firth,ID"
5656,"Blackfoot,ID"
5657,"Post Falls,ID"
5658,"Atlanta,ID"
5659,"Sandpoint,ID"
5660,"Brueno,ID"
5661,"Star,ID"
5662,Idaho City 
5663,"Priest River,ID"
5664,"Lewiston,ID"
5665,"Idaho falls,ID"
5666,"Gonzales,ID"
5667,"Eagle,ID"
5668,"Rogerson,ID"
5669,"Rigby,ID"
5670,"Priest Lake,ID"
5671,"Plummer,ID"
5672,"Council,ID"
5673,"Pocatello,ID"
5674,"Payette/Weiser,ID"
5675,"Coeur D\\\\\\'Alene,ID"
5676,"Moscow,ID"
5677,"Saint Maries,ID"
5678,"Homedale,ID"
5679,"Coeur d\\\\\\'Alene/Post Falls,ID"
5680,"Montpelier,ID"
5681,"Salmon,ID"
5682,"Donnelly,ID"
5683,"Burley,ID"
5684,"Fairview,ID"
5685,"Weippe,ID"
5686,"Driggs,ID"
5687,"Hayden,ID"
5688,"Ammon,ID"
5689,"Worley,ID"
5690,"Payette,ID"
5691,"Malta,ID"
5692,"Gooding,ID"
5693,"Heyburn,ID"
5694,"Clayton,ID"
5695,"Naples,ID"
5696,"Swan Valley,ID"
5697,"Rathdrum,ID"
5698,"Laclede,ID"
5699,"Hansen,ID"
5700,Boise/Idaho Falls 
5701,Nampa 
5702,"Spirit Lake,ID"
5703,"Couer d\\\\\\'Alene,ID"
5704,"Oakley,ID"
5705,"Glenns Ferry,ID"
5706,"Conkling Marina,ID"
5707,"Fruitland,ID"
5708,"Ketchum,ID"
5709,"Bellevue,ID"
5710,"Kimberly,ID"
5711,"Grangeville,ID"
5712,"Menan,ID"
5713,"Meridian/Nampa,ID"
5714,"McCall,ID"
5715,"Troy,ID"
5716,"Shoshone,ID"
5717,"Coolin,ID"
5718,"Genesee,ID"
5719,"Malad,ID"
5720,"Boulder City,ID"
5721,"ucon,ID"
5722,"Kamiah,ID"
5723,"Centerville,ID"
5724,Boise 
5725,Idaho Panhandle 
5726,"Sawtooth National Forest,ID"
5727,"Jerome,ID"
5728,"Bonners Ferry,ID"
5729,"St. Anthony,ID"
5730,"Hagerman,ID"
5731,"Felt,ID"
5732,"Cambridge,ID"
5733,Carey 
5734,"Stanley,ID"
5735,"St. Maries,ID"
5736,"Rathdrum Prairie,ID"
5737,"Hayden Lake,ID"
5738,Bruneau/Mountain Home 
5739,"Victor,ID"
5740,"Moore,ID"
5741,"Nordman,ID"
5742,"Ashton,ID"
5743,"Fort Hall,ID"
5744,"Wendell,ID"
5745,"Greenleaf,ID"
5746,"Midvale,ID"
5747,"Workey,ID"
5748,"Riggins,ID"
5749,"City of Rocks National Reserve,ID"
5750,"Orafino,ID"
5751,"Hamer,ID"
5752,"Challis,ID"
5753,"Arco Dessert,ID"
5754,Worley 
5755,"Marsing,ID"
5756,I-84 
5757,"White Bird,ID"
5758,"Sand Point,ID"
5759,"Round Valley,ID"
5760,"Los Angeles,ID"
5761,Tensed 
5762,"Wallace,ID"
5763,"Fairfiled,ID"
5764,"Cascade,ID"
5765,"Downey,ID"
5766,Idaho 
5767,"Carmen,ID"
5768,"Fernwood,ID"
5769,"Dalton Gardens,ID"
5770,"Mullan,ID"
5771,"Orofino,ID"
5772,"Island Park,ID"
5773,"Grand View,ID"
5774,"Rockford,ID"
5775,"Bruneau,ID"
5776,"Arco,ID"
5777,"Pollock,ID"
5778,"Idaho,ID"
5779,"Rose Lake,ID"
5780,"Athol,ID"
5781,"Idaho City,ID"
5782,"At a pullout on the highway,ID"
5783,"Smiths Ferry,ID"
5784,Orofino 
5785,"Kerrywood,ID"
5786,"Mountain Home AFB,ID"
5787,"Orofino/Weippe,ID"
5788,Sandpoint 
5789,"Rupert,ID"
5790,"Victor/Teton Mountain Range,ID"
5791,"Greencreek,ID"
5792,Cascade 
5793,"US Hwy 200 between MP 39 &amp; 40,ID"
5794,I-84  
5795,Spirit Lake 
5796,Rupert 
5797,"Fenn,ID"
5798,Caldwell 
5799,"St. Charles,ID"
5800,Snake River 
5801,"Salmon River,ID"
5802,"Fagle,ID"
5803,"Snake River,ID"
5804,"Lake Sullivan,ID"
5805,Lewiston 
5806,"Hat Point,ID"
5807,"Swan Falls/Kuna,ID"
5808,"Malad/Downy,ID"
5809,"Kellogg,ID"
5810,"MacKay,ID"
5811,"Dixie,ID"
5812,"Parma,ID"
5813,"Shelley,ID"
5814,"Sagle,ID"
5815,Paul/Burley 
5816,"Chubbuck,ID"
5817,"American Falls,ID"
5818,"Princeton,ID"
5819,"Smith\\\\\\'s Ferry,ID"
5820,Hazelton 
5821,Careywood &amp; Bayview 
5822,"LaFayette,IL"
5823,"Carrollton,IL"
5824,"Carpentersville,IL"
5825,"Chicago,IL"
5826,"Skokie,IL"
5827,"Glendale Heights,IL"
5828,"Morton,IL"
5829,"Orland Park,IL"
5830,"Kirkland,IL"
5831,"Oak Lawn,IL"
5832,"Frankfort,IL"
5833,"Schaumburg,IL"
5834,"Multiple,IL"
5835,"Woodridge,IL"
5836,"East Peoria,IL"
5837,"Jerseyville,IL"
5838,"Union,IL"
5839,"Carlinville,IL"
5840,"Plainfield,IL"
5841,"Centerville,IL"
5842,"Beecher,IL"
5843,"Springfield,IL"
5844,"Green Garden Township,IL"
5845,"Naperville,IL"
5846,"Ottawa,IL"
5847,"Elwood,IL"
5848,"Highland Park,IL"
5849,"Herod,IL"
5850,"Villa Park,IL"
5851,"Rochelle,IL"
5852,"Oregon,IL"
5853,"Madison,IL"
5854,"Taylorville,IL"
5855,"Aurora,IL"
5856,"Illiopolis,IL"
5857,"Champaign,IL"
5858,"Sullivan,IL"
5859,"Brookfield,IL"
5860,"Oswego,IL"
5861,"Danforth,IL"
5862,"St. Charles,IL"
5863,"Stonefort,IL"
5864,"Oak Forest,IL"
5865,"Peoria,IL"
5866,"Elgin,IL"
5867,"Northbrook,IL"
5868,Chicago 
5869,"Stickney,IL"
5870,"West Chicago,IL"
5871,"Macomb,IL"
5872,"Cicero,IL"
5873,"Rantoul,IL"
5874,"Hazel Crest,IL"
5875,"Bourbonnais,IL"
5876,"New Lenox,IL"
5877,"Winthrop Harbor,IL"
5878,"Wheaton,IL"
5879,"Rock Falls,IL"
5880,"Maryville,IL"
5881,"Murphysboro,IL"
5882,"Shorewood,IL"
5883,"Lake Zurich,IL"
5884,"Wonder Lake,IL"
5885,"Hometown,IL"
5886,"Joliet,IL"
5887,"South Elgin,IL"
5888,"Matteson,IL"
5889,"Downers Grove,IL"
5890,"Lively Grove,IL"
5891,"Carol Stream,IL"
5892,"South Barrington,IL"
5893,"Godfrey,IL"
5894,"Middletown,IL"
5895,"Algonquin,IL"
5896,"Blue Island,IL"
5897,"Canton,IL"
5898,"Braidwood,IL"
5899,"Glenview,IL"
5900,"Marion,IL"
5901,"Buffalo Grove,IL"
5902,"Round Lake,IL"
5903,"Shelbyville,IL"
5904,"Yorkville,IL"
5905,"Lake Villa,IL"
5906,"Ashton,IL"
5907,"Rock Island,IL"
5908,"Elmhurst,IL"
5909,"Cairo,IL"
5910,"Mount Carmel,IL"
5911,"Berwyn,IL"
5912,"West Frankfort,IL"
5913,"Palatine,IL"
5914,"Rochester,IL"
5915,"Bloomington,IL"
5916,"Des Plaines,IL"
5917,"Sterling,IL"
5918,"McHenrry,IL"
5919,"Rosiclare,IL"
5920,"Hoffman,IL"
5921,"Kingston,IL"
5922,"Hickory Hills,IL"
5923,"Zion,IL"
5924,"Pekin,IL"
5925,"Lombard,IL"
5926,"Warren,IL"
5927,"Antioch,IL"
5928,"Elk Grove Village,IL"
5929,"Hampshire,IL"
5930,"Trout Valley,IL"
5931,"North Riverside,IL"
5932,"Belleville,IL"
5933,"Spring Grove,IL"
5934,"Breese,IL"
5935,"Pingree Grove,IL"
5936,"Eureka,IL"
5937,"Moline,IL"
5938,"Athens,IL"
5939,"rockford,IL"
5940,"Lake In The Hills,IL"
5941,"Palos Park,IL"
5942,"DeKalb,IL"
5943,"Peru,IL"
5944,"Dixon,IL"
5945,"Morton Grove,IL"
5946,Illinois 
5947,"Villa Grove,IL"
5948,"Brownstown,IL"
5949,Olney 
5950,"Mundelein,IL"
5951,"Pontoon Beach,IL"
5952,"Jonesboro,IL"
5953,"Christopher,IL"
5954,"Glen Ellyn,IL"
5955,"Loves Park,IL"
5956,"Salem,IL"
5957,"Worth,IL"
5958,"Olney,IL"
5959,"Schiller Park,IL"
5960,"Park Forest,IL"
5961,"River Grove,IL"
5962,"Glenarm,IL"
5963,"Marquette Heights,IL"
5964,"Grayslake,IL"
5965,"Swansea,IL"
5966,"Cary,IL"
5967,"Romeoville,IL"
5968,"Crestwood,IL"
5969,"Rather not say.,IL"
5970,"Liberty,IL"
5971,"Rolling Meadows,IL"
5972,"Mokena,IL"
5973,"Niles,IL"
5974,"Morton grove,IL"
5975,"Mount Morris,IL"
5976,"Marseilles,IL"
5977,"Woodstock,IL"
5978,"Johnsburg,IL"
5979,Bloomington 
5980,Neoga/Mattoon 
5981,"Burbank,IL"
5982,"Tremont,IL"
5983,"Machesney Park,IL"
5984,"Highwood,IL"
5985,"Park Ridge,IL"
5986,"Justice,IL"
5987,"Crystal Lake,IL"
5988,"North Aurora,IL"
5989,"Fulton,IL"
5990,"Pecatonica,IL"
5991,"Lisle,IL"
5992,"Savoy,IL"
5993,"Iola,IL"
5994,"Mount Vernon,IL"
5995,"Sublette,IL"
5996,"Sycamore,IL"
5997,"Barrington,IL"
5998,"Galena,IL"
5999,"Crystal lake,IL"
6000,"Bartlet,IL"
6001,"Rockford,IL"
6002,"Vernon Hills,IL"
6003,"Carbondale,IL"
6004,"Streamwood,IL"
6005,"Alton,IL"
6006,"Libertyville,IL"
6007,"Edwardsville,IL"
6008,"Bartlett,IL"
6009,"Fox River Grove,IL"
6010,"Dupo,IL"
6011,"Dekalb,IL"
6012,"Goreville,IL"
6013,"Warrensburg,IL"
6014,"Roselle,IL"
6015,"Woodson,IL"
6016,"Odin,IL"
6017,"Effingham,IL"
6018,"Galatia,IL"
6019,"Mount Prospect,IL"
6020,"Tinley Park,IL"
6021,"Gurnee,IL"
6022,"Creve Coeur,IL"
6023,Newton 
6024,"Gilson,IL"
6025,"Collinsville,IL"
6026,"Griggsville,IL"
6027,"Avon,IL"
6028,"Chicago Heights,IL"
6029,"Bloomingdale,IL"
6030,"McLean,IL"
6031,"Virden,IL"
6032,"Northlake,IL"
6033,"Danville,IL"
6034,"Sherman,IL"
6035,"LaGrange,IL"
6036,"Crete,IL"
6037,"Dunlap,IL"
6038,"Sigel,IL"
6039,"McHenry,IL"
6040,"Plano,IL"
6041,"Port Barrington,IL"
6042,"Decatur,IL"
6043,"Saint Charles,IL"
6044,"Henry,IL"
6045,"Batavia,IL"
6046,"Carlyle,IL"
6047,"Belvidere,IL"
6048,"Arlington Heights,IL"
6049,"Kaneville,IL"
6050,"Sesser,IL"
6051,"South Chicago Height,IL"
6052,"Lockport,IL"
6053,"Waukegan,IL"
6054,"Brookport,IL"
6055,"Greenville,IL"
6056,"Homer Glen,IL"
6057,Orland Park/Bridgeview 
6058,"Hinsdale,IL"
6059,"Manteno,IL"
6060,"Minooka,IL"
6061,"New Baden,IL"
6062,"Steger,IL"
6063,"Hanover Park,IL"
6064,"Huntley,IL"
6065,"Elburn,IL"
6066,"Atlanta,IL"
6067,"Nason,IL"
6068,"Mount Pulaski,IL"
6069,"Riverdale,IL"
6070,"Lacon,IL"
6071,"De Land,IL"
6072,"Bolingbrook,IL"
6073,"Sugar Grove,IL"
6074,"Mokena/Matteson,IL"
6075,"Long Point,IL"
6076,"Elgini,IL"
6077,"Flossmoor,IL"
6078,"Tinley park,IL"
6079,"Morris,IL"
6080,"Rossville,IL"
6081,"Vandalia,IL"
6082,"Roscoe,IL"
6083,"Lake Bluff,IL"
6084,"Hoffman estates,IL"
6085,"Wheeling,IL"
6086,"Lake Forest,IL"
6087,"Hanover  Park,IL"
6088,"Newton,IL"
6089,"Montgomery,IL"
6090,"Alden,IL"
6091,"Ashley,IL"
6092,"Lebanon,IL"
6093,"Ingleside,IL"
6094,"Fairview Heights,IL"
6095,"Chatham,IL"
6096,"Metropolis,IL"
6097,Chicago suburbs 
6098,"Cordova,IL"
6099,"Zeigler,IL"
6100,"Lovington,IL"
6101,"Hoffman Estates,IL"
6102,"Chillicothe,IL"
6103,"Troy,IL"
6104,"Lena,IL"
6105,"Deerfield,IL"
6106,"Countryside,IL"
6107,"Heyworth,IL"
6108,"Bridgeview,IL"
6109,"Inverness,IL"
6110,"Prospect Heights,IL"
6111,"Many,IL"
6112,"Fithian,IL"
6113,"Midlothian,IL"
6114,"Country Club Hills,IL"
6115,"O\\\\\\'Fallon,IL"
6116,"Towanda,IL"
6117,"Kankakee,IL"
6118,"Normal,IL"
6119,"Addison,IL"
6120,"Edwards,IL"
6121,"Lake Barrington,IL"
6122,"Dalzell,IL"
6123,"Wauconda,IL"
6124,"Lindenhurst,IL"
6125,"Morrison,IL"
6126,"Hodgkins,IL"
6127,"Willowbrook,IL"
6128,"Freeburg,IL"
6129,"Jacksonville,IL"
6130,"Rockton,IL"
6131,"Alsip,IL"
6132,"Evergreen Park,IL"
6133,"Lemont,IL"
6134,"Lagrange Park,IL"
6135,"Broadview,IL"
6136,"Richmond,IL"
6137,"Bradley,IL"
6138,"Westmont,IL"
6139,"Piper City,IL"
6140,"Benton,IL"
6141,"Lansing,IL"
6142,"Harvard,IL"
6143,"Monee Manhattan Rd, Monee,on i57 headed north IL 60449,IL"
6144,"South Beloit,IL"
6145,"Chicao,IL"
6146,"Poplar Grove,IL"
6147,"Fox Lake,IL"
6148,"Tiskilwa,IL"
6149,"Channahon,IL"
6150,"Evanston,IL"
6151,"Homewood,IL"
6152,"Mt. Prospect,IL"
6153,"Aledo,IL"
6154,"Royalton,IL"
6155,"Lake in the Hills,IL"
6156,"South  Chicago  Heights,IL"
6157,"Willow Springs,IL"
6158,"Irving,IL"
6159,"Carrier Mills,IL"
6160,"Gardner,IL"
6161,"Lawrenceville,IL"
6162,"Diamond,IL"
6163,"Wilmette,IL"
6164,"Vienna,IL"
6165,"Westville,IL"
6166,"Saint Anne,IL"
6167,"Karnak,IL"
6168,"Windsor,IL"
6169,Atkinson 
6170,"Seneca,IL"
6171,"Genoa,IL"
6172,"San Jose,IL"
6173,"Melrose Park,IL"
6174,"Ridgway,IL"
6175,"Centralia,IL"
6176,"Gilberts,IL"
6177,"Brighton,IL"
6178,"Argenta,IL"
6179,"Galesburg,IL"
6180,"Durand,IL"
6181,"Hoskins,IL"
6182,"Westchester,IL"
6183,"Texas City,IL"
6184,"Marengo,IL"
6185,"Beardstown,IL"
6186,"Elk Grove,IL"
6187,"Lakewood,IL"
6188,"Tuscola,IL"
6189,"Manhattan,IL"
6190,St. Louis (S. Co.) (MO)/Collinsville 
6191,"Mazon,IL"
6192,"Chester,IL"
6193,"Lenzburg,IL"
6194,"Pearl,IL"
6195,"Monee,IL"
6196,"Freeport,IL"
6197,"Wadsworth,IL"
6198,"Round lake,IL"
6199,"Quincy,IL"
6200,"Baylis,IL"
6201,"Omaha,IL"
6202,"Kappa,IL"
6203,"Round Lake Beach,IL"
6204,"Girard,IL"
6205,"Volo,IL"
6206,"Milstadt,IL"
6207,"Carbon Hill,IL"
6208,"Saint Joseph,IL"
6209,"Mattoon,IL"
6210,"Forest Park,IL"
6211,"East Moline,IL"
6212,"Sandwich,IL"
6213,"Beaverville,IL"
6214,"In-flight sighting,IL"
6215,"Ursa,IL"
6216,"Clinton,IL"
6217,"Shabbona,IL"
6218,"Mt. Vernon,IL"
6219,"Litchfield,IL"
6220,"Eldorado,IL"
6221,"Tinley Park/Oak Forest,IL"
6222,Brownstown 
6223,"Darien,IL"
6224,"Barrington Hills,IL"
6225,"Roxana or Wood River,IL"
6226,"Lake  Bluff,IL"
6227,"East Dundee,IL"
6228,"Riverwoods,IL"
6229,"Mendon,IL"
6230,"Bethalto,IL"
6231,"Montgomery/Oswego,IL"
6232,"Sparland,IL"
6233,"Saunemin,IL"
6234,"Lincolnshire,IL"
6235,"Oswego/Montgomery,IL"
6236,"River Forest,IL"
6237,"Geneseo,IL"
6238,"Kinsman,IL"
6239,"Peotone,IL"
6240,"Willmington,IL"
6241,"Carterville,IL"
6242,"Brimfield,IL"
6243,"Kildeer,IL"
6244,"Western Springs,IL"
6245,"Flora,IL"
6246,"North Henderson,IL"
6247,"Caseyville,IL"
6248,"Westeren Springs,IL"
6249,"Reynolds,IL"
6250,"History Channel/Illinois,IL"
6251,"Lincoln,IL"
6252,"Geneva,IL"
6253,"McHenry City,IL"
6254,"Granite City,IL"
6255,"Hillsboro,IL"
6256,"Woodhull,IL"
6257,"Chicago Ridge,IL"
6258,"Harristown,IL"
6259,"Bensenville,IL"
6260,Wauconda/Lake Zurich 
6261,Peoria/Canton 
6262,"Chicago/Mt. Greenwood,IL"
6263,"West Peoria,IL"
6264,"Deer Park,IL"
6265,"Odell,IL"
6266,"Hinckley,IL"
6267,"Holiday Hills,IL"
6268,"East Hazel Crest,IL"
6269,"Orion,IL"
6270,"Mahomet,IL"
6271,"Beach Park,IL"
6272,"West liberty,IL"
6273,"Elmwood Park,IL"
6274,"Gifford,IL"
6275,"Petersburg,IL"
6276,"Rushville,IL"
6277,"Bridgeport,IL"
6278,Knoxville 
6279,"Franklin Parl,IL"
6280,"Apple River,IL"
6281,"Clarendon Hills,IL"
6282,"Palos,IL"
6283,"Garden Prairie,IL"
6284,"Burr Ridge,IL"
6285,"Prophetstown,IL"
6286,"Chebanse,IL"
6287,"Red Bud,IL"
6288,"Spring Valley,IL"
6289,"Gridley,IL"
6290,"Orland Hills,IL"
6291,"Iuka,IL"
6292,"Calumet City,IL"
6293,"Beckeymeyer,IL"
6294,"Warrenville,IL"
6295,"Waltonville,IL"
6296,"Byron,IL"
6297,"Naples,IL"
6298,"Greenfield,IL"
6299,"Frankfort Square,IL"
6300,"Riverside,IL"
6301,"Good Hope,IL"
6302,"Damiansville,IL"
6303,"Percy,IL"
6304,"I-355 and 159th st,IL"
6305,"Oakland,IL"
6306,"Mindelein,IL"
6307,Kankakee 
6308,"Villa Park/Lombard,IL"
6309,"Berkeley,IL"
6310,"not in one,IL"
6311,"Wilmington,IL"
6312,"Winfield,IL"
6313,"Rockford/Loves Park,IL"
6314,"Park  Ridge,IL"
6315,"Hawthorn Woods,IL"
6316,"Leland,IL"
6317,"Dorsey,IL"
6318,"Machedney Park,IL"
6319,"Palmer,IL"
6320,"Albion,IL"
6321,Palestine 
6322,"Coal Valley,IL"
6323,Fair Oaks 
6324,Quad  cities 
6325,"Manito,IL"
6326,"Franklin Park,IL"
6327,"Pittsfield,IL"
6328,"Funks Grove,IL"
6329,"Vermont,IL"
6330,"Bedford Park,IL"
6331,"Oak Park,IL"
6332,"Niota,IL"
6333,"Rural El Paso,IL"
6334,"Great Lakes,IL"
6335,"Williamson County,IL"
6336,"Nauvoo,IL"
6337,"Princeton,IL"
6338,"Harrisburg,IL"
6339,"Itasca,IL"
6340,"Schaumburg area,IL"
6341,"Dolton,IL"
6342,"Herrin,IL"
6343,"Earlville,IL"
6344,"Markham,IL"
6345,"Columbia,IL"
6346,"Hartsburg,IL"
6347,"Schaumurg,IL"
6348,"Millhurst,IL"
6349,"ForestPark,IL"
6350,"Cahokia,IL"
6351,"Cambrige,IL"
6352,Westchester 
6353,Hoffman Estates 
6354,Delavan 
6355,"Richton Park,IL"
6356,"Rosemont/Darien,IL"
6357,"Mt. Carmel,IL"
6358,"Gurnee/Waukegan/N. Chicago,IL"
6359,"Auburn,IL"
6360,"Toulon,IL"
6361,"Elmwood Pk,IL"
6362,"Green Oaks,IL"
6363,"Summit,IL"
6364,Pomona 
6365,"West Dundee,IL"
6366,"Pontiac,IL"
6367,Schaumberg 
6368,"Schaumburg/Palatine/ Rolling Meadows,IL"
6369,"Schaumburg/ Palatine/ Rolling Meadows,IL"
6370,"Chicago O\\\\\\'Hare Airport,IL"
6371,"Wood Dale,IL"
6372,"Crest Hill,IL"
6373,"Fairbury,IL"
6374,"Mettawa,IL"
6375,"Henning,IL"
6376,"Waukegan/Gurnee,IL"
6377,Tinley Park area 
6378,"Hinkley,IL"
6379,"El Paso,IL"
6380,"Chicago/Ohare,IL"
6381,"New Douglas,IL"
6382,Plainfield 
6383,"Mahomet/Farmer City,IL"
6384,"Martinton,IL"
6385,"Maroa,IL"
6386,"South Hollan,IL"
6387,"Raddle,IL"
6388,"Lyons,IL"
6389,"Martinsville,IL"
6390,"Chicago area,IL"
6391,"Aurora/Wheaton/Warrenville areas,IL"
6392,"Ladd,IL"
6393,"Riverton,IL"
6394,"Rinard,IL"
6395,"Cambridge,IL"
6396,"Mounds,IL"
6397,"Smithshire,IL"
6398,"Mt Carmel,IL"
6399,Oblong 
6400,El Paso 
6401,"Orland/Tinley Park,IL"
6402,"Bartonville,IL"
6403,"Posen,IL"
6404,"Hillside,IL"
6405,"Posen/Midlothian,IL"
6406,"Midlothian/Posen,IL"
6407,"Evergreen Park/Tinley Park/Orland Park,IL"
6408,"Palos Heights,IL"
6409,"Joliet/Orland Hills,IL"
6410,"Warrenville/Wheaton,IL"
6411,"Jacksonville to Ft. Pierce,IL"
6412,"Carthage,IL"
6413,"Owaneco,IL"
6414,"Murmet Springs,IL"
6415,"Woodstock/Harvard,IL"
6416,"South Holland,IL"
6417,"Blue Mound,IL"
6418,"Shilo,IL"
6419,"Arenzville,IL"
6420,"Harwood Heights,IL"
6421,"Ipava,IL"
6422,"Chicago &quot;highway&quot;,IL"
6423,Galatia Area 
6424,"Oaklawn - Hickory Hills,IL"
6425,"Fayetteville/New Athens,IL"
6426,"Urbana,IL"
6427,"Chicago- West Suburbs- Rt 171,IL"
6428,"Orland Park/TinleyPark,IL"
6429,Tinley Park 
6430,"Orland Park/Tinely Park,IL"
6431,"Glencoe,IL"
6432,"Gibson City,IL"
6433,"Shumway,IL"
6434,"Washington,IL"
6435,"Atkinson,IL"
6436,Lake Zurich 
6437,Highland/Pokahontas 
6438,"Melroe Park,IL"
6439,Gurnee 
6440,"Coulterville,IL"
6441,Elk Grove 
6442,"Charleston,IL"
6443,"Atwood,IL"
6444,"Farmer City,IL"
6445,"Hanna City,IL"
6446,Winnebago County 
6447,"SOHO Observatory,IL"
6448,"Mt.Vernon,IL"
6449,"St Charles,IL"
6450,DeKalb 
6451,"Illinois,IL"
6452,"La Moille,IL"
6453,"Grafton,IL"
6454,"Oakdale,IL"
6455,"Rend Lake,IL"
6456,"Grantsburg,IL"
6457,"Shawnee National Forest,IL"
6458,"Oak Brook,IL"
6459,"Willow Brook,IL"
6460,Sheffield 
6461,"Highland,IL"
6462,"LaSalle,IL"
6463,"Galesburg area,IL"
6464,"New Salem,IL"
6465,"Ivesdale,IL"
6466,"Homer Glenn,IL"
6467,"Harrisonville,IL"
6468,"Aviston,IL"
6469,"St.Rose,IL"
6470,"Elmwood,IL"
6471,"Knoxville,IL"
6472,"Dwight,IL"
6473,"Wenona,IL"
6474,I-355 
6475,"University Park,IL"
6476,"Oak Hill/Elmwood/Brimfield,IL"
6477,"Steeleville,IL"
6478,"Dix,IL"
6479,"Fancy Prairie,IL"
6480,Freeport 
6481,"Cherry Valley,IL"
6482,"Watseka,IL"
6483,"Bath,IL"
6484,"Savanna,IL"
6485,"Pittsburg,IL"
6486,"Crescent City,IL"
6487,"Nashville,IL"
6488,"Greenup,IL"
6489,"Wildwood,IL"
6490,"Ridgefarm,IL"
6491,"Harwoord Heights,IL"
6492,"Sandoval,IL"
6493,"Buckner,IL"
6494,"Luka,IL"
6495,"Grant Park,IL"
6496,"Burlington,IL"
6497,"Granite/East St. Louis,IL"
6498,"Glenn Ellyn,IL"
6499,"Glenwood,IL"
6500,"Walnut Hill,IL"
6501,"American Falls,IL"
6502,"Dana,IL"
6503,"Palos Hills,IL"
6504,"DeSoto,IL"
6505,"Cahokia/Granite City,IL"
6506,"Ringwood,IL"
6507,"Schuyler County,IL"
6508,"Cottage Hills,IL"
6509,"Edinburg,IL"
6510,"Burlington Township,IL"
6511,"Schuyler County area,IL"
6512,Rockford 
6513,"Lakemoor,IL"
6514,"Summerfield, "
6515,"Patoka,IL"
6516,"Saint Charles Township,IL"
6517,"Trenton,IL"
6518,Groveland/Dillion 
6519,"Smithton,IL"
6520,"Oakbrook,IL"
6521,"St.Charles,IL"
6522,"Burtons Bridge,IL"
6523,"Orland Park/Palos Park,IL"
6524,"Lewistown,IL"
6525,Addison (I-355 and US 20 
6526,Calumet City 
6527,"St. David,IL"
6528,Hinsdale 
6529,"Prairie View,IL"
6530,"Frankfort/New Lenox,IL"
6531,"Galva/Victoria/Oak Run,IL"
6532,Havana 
6533,"Paw Paw,IL"
6534,"Elizibethtown,IL"
6535,Kankakee/Dwight 
6536,"Thornton,IL"
6537,"Livingston,IL"
6538,"Millstadt,IL"
6539,"Potomac,IL"
6540,"Georgetown,IL"
6541,"Montrose,IL"
6542,"Oglesby,IL"
6543,Orangeville/Lena/McConnell 
6544,Carlinville 
6545,Jerseyville 
6546,"Mt Sterling,IL"
6547,"Tolono,IL"
6548,"Anna,IL"
6549,"Jonesville,IL"
6550,Belvidere 
6551,Tinley Park/I-57 
6552,"Scales Mound,IL"
6553,Franklin Park 
6554,"Round Lake Beach, Illinois,IL"
6555,"Penfield,IL"
6556,"S. Beloit,IL"
6557,Manito 
6558,"Texico,IL"
6559,Channahon 
6560,"Farina,IL"
6561,Bartelso 
6562,"Elizabethtown,IL"
6563,"Kinaid,IL"
6564,Scott AFB 
6565,"Deer Grove,IL"
6566,"Fultz,IL"
6567,"Casey,IL"
6568,Freeburg 
6569,Granite City 
6570,"Old Valmeyer Bottoms-Valmeyer,IL"
6571,"East Alton,IL"
6572,"Belleville Community College,IL"
6573,Belleville 
6574,"Belleville area college,IL"
6575,"Evansville,IL"
6576,"Oak Brook Terrace, Dorathy Drennon Park in,IL"
6577,Neoga 
6578,"Sumner,IL"
6579,New Holland 
6580,Clinton 
6581,"Jolliet,IL"
6582,"Mascoutah,IL"
6583,St. Charles 
6584,"Hayworth,IL"
6585,"Arlington,IL"
6586,Aurora 
6587,"East Aurora,IL"
6588,"W. Chicago,IL"
6589,"Grape Creek,IL"
6590,Clinton/Maroa 
6591,"Mount Carroll,IL"
6592,"Chesterfield,IL"
6593,"Delevan,IL"
6594,"Abingdon,IL"
6595,St. David 
6596,"Galconda,IL"
6597,Highway 24 
6598,"Scott A.F.B.,IL"
6599,Cherry Valley 
6600,Danville 
6601,"Waterloo,IL"
6602,"Melvin,IL"
6603,"Kewanee,IL"
6604,"DuQuoin,IL"
6605,Miami to St. Paul 
6606,"Collinsville/Granite City,IL"
6607,"Shobonier,IL"
6608,Wataga 
6609,"Williamsfield,IL"
6610,"Mapelton,IL"
6611,Alton 
6612,"Island Lake,IL"
6613,"Groveland,IL"
6614,"Peoria County,IL"
6615,"Arcola,IL"
6616,"Albany,IL"
6617,"Honolulu,IL"
6618,Rockford/Belvedere 
6619,"Janesville,IL"
6620,"Franklin Park area,IL"
6621,"Wilsonville,IL"
6622,"Oquawka,IL"
6623,"SerlingHights,IL"
6624,"Paxton,IL"
6625,"Marshall,IL"
6626,Greenup 
6627,"Hamlet,IL"
6628,"Centralia/Walnut Hill area,IL"
6629,"O\\\\\\'Fallon/Fairview Heightss,IL"
6630,"Grand Chain,IL"
6631,"Fayetteville,IL"
6632,"Bourbonnais/Bradley,IL"
6633,Scott AFB/Centralia 
6634,"Akin,IL"
6635,"Cuba City,IL"
6636,"Hutsonville,IL"
6637,"Winnebago,IL"
6638,"Mundelin,IL"
6639,"Seymore/Farmer City/Weldon area,IL"
6640,"La Grange,IL"
6641,Geneseo 
6642,"London Mills,IL"
6643,"Freeport/Rockford,IL"
6644,"Bonfield,IL"
6645,IL/IN state line 
6646,Lawrence County 
6647,Davis Jct. 
6648,Springfield 
6649,"Keeneyville,IL"
6650,"Johnston City,IL"
6651,"Princeton,IN"
6652,"Mt. Summit,IN"
6653,"Osceola,IN"
6654,"Liberty,IN"
6655,"Indianapolis,IN"
6656,"Evansville,IN"
6657,"Boone Grove,IN"
6658,"Fishers,IN"
6659,"Bedford,IN"
6660,"Selma,IN"
6661,"Portage,IN"
6662,"Rolling Prairie,IN"
6663,"McCordsville,IN"
6664,"Greenfield,IN"
6665,"Albion,IN"
6666,"Crown Point,IN"
6667,"North Vernon,IN"
6668,"Whiting,IN"
6669,"Shelbyville,IN"
6670,Madurai 
6671,"Fort Wayne,IN"
6672,"Danville,IN"
6673,"Aurora,IN"
6674,"Westport,IN"
6675,"Gary,IN"
6676,"Terre Haute,IN"
6677,"Greensburg,IN"
6678,"Michigan City,IN"
6679,"Kokomo,IN"
6680,"Valparaiso,IN"
6681,"Angola,IN"
6682,"Demotte,IN"
6683,"Peru,IN"
6684,"Anderson,IN"
6685,"Lapel,IN"
6686,"Lafayette,IN"
6687,"Between Wabash and Marion onq5,IN"
6688,"Jasper I,IN"
6689,"Chesterton,IN"
6690,"Parker City,IN"
6691,"Schererville,IN"
6692,"South Bend,IN"
6693,"Newburgh,IN"
6694,"Nappannee,IN"
6695,"Lowell,IN"
6696,"Mishawaka,IN"
6697,"Hobart,IN"
6698,"Noblesville,IN"
6699,"Earl Park,IN"
6700,"Nineveh,IN"
6701,"Corydon,IN"
6702,"Highland,IN"
6703,"Goshen,IN"
6704,"Newburg,IN"
6705,"Camby/Indianapolis,IN"
6706,"Marion,IN"
6707,"Indianapolis/Fishers,IN"
6708,"Muncie,IN"
6709,"Jasper,IN"
6710,"New Albany,IN"
6711,"Alexandria,IN"
6712,"Greenwood,IN"
6713,"Brownsburg,IN"
6714,"Cambridge City,IN"
6715,"Vincennes,IN"
6716,"Elkhart,IN"
6717,"Austin,IN"
6718,"San Pierre,IN"
6719,"Southport,IN"
6720,"Jeffersonville,IN"
6721,"Fairland,IN"
6722,"Seymour,IN"
6723,"Stockwell,IN"
6724,"West Lafayette,IN"
6725,"Munster,IN"
6726,"Huntertown,IN"
6727,"North Judson,IN"
6728,"Morristown,IN"
6729,"Ft. Wayne,IN"
6730,"Columbia City,IN"
6731,"Gas City,IN"
6732,"Montpelier,IN"
6733,"LaPorte,IN"
6734,"Urbana,IN"
6735,"Franklin,IN"
6736,"South Whitley,IN"
6737,Indianapolis 
6738,"New Palestine,IN"
6739,"Columbus,IN"
6740,"Hammond,IN"
6741,Lawrence 
6742,"Belleville,IN"
6743,"Middletown,IN"
6744,I-65 
6745,"Kouts,IN"
6746,"Churubuaco,IN"
6747,"Mooresville,IN"
6748,"Merriville,IN"
6749,"Carmel,IN"
6750,Muncie/Warren 
6751,Fort Wayne 
6752,"Butler,IN"
6753,Gary 
6754,"corydon,IN"
6755,"Porter/Burns Harbor,IN"
6756,"Castleton,IN"
6757,"Rushville,IN"
6758,"Plainfield,IN"
6759,"La Porte,IN"
6760,"Bloomington,IN"
6761,"Logansport,IN"
6762,"Uknown,IN"
6763,"Madison,IN"
6764,"Steam Corner,IN"
6765,"Greeenwood,IN"
6766,"Lynn,IN"
6767,"Scottsburg,IN"
6768,"Indianpolis,IN"
6769,"Versailles,IN"
6770,"Brazil,IN"
6771,"Tipton,IN"
6772,"Palmyra,IN"
6773,"Monrovia,IN"
6774,"Clermont,IN"
6775,Mexico 
6776,"Wheatfield,IN"
6777,"Southbend,IN"
6778,"Richmond,IN"
6779,"Elizabeth,IN"
6780,"Fowler,IN"
6781,"Wabash,IN"
6782,"Princeton/Evansville,IN"
6783,"Beech Grove,IN"
6784,"Louisville,IN"
6785,"Zionsville,IN"
6786,"Elkart,IN"
6787,"Clinton,IN"
6788,"Sellersburg,IN"
6789,"Orleans,IN"
6790,"Spencer,IN"
6791,"Kewanna,IN"
6792,"Brookston,IN"
6793,"Bruceville,IN"
6794,"Avon,IN"
6795,"Noblsville,IN"
6796,"Huntington,IN"
6797,"Fort Wayn,IN"
6798,"Coatesville,IN"
6799,"Redkey,IN"
6800,"Sweetser,IN"
6801,"Fish Lake,IN"
6802,"Farmersburg,IN"
6803,"Ft. Branch,IN"
6804,"Lebanon,IN"
6805,"Bowling Green,IN"
6806,"Thorntown,IN"
6807,"Bluffton,IN"
6808,"Middlebury,IN"
6809,"Floyd Knobs,IN"
6810,"Warsaw,IN"
6811,"Clarksville,IN"
6812,"Lagrange,IN"
6813,"Wakarusa,IN"
6814,"Paragon,IN"
6815,"Indiana,IN"
6816,Indiana 
6817,"Connersville,IN"
6818,"Martinsville,IN"
6819,"Michicot,IN"
6820,"Crandal,IN"
6821,"Markleville,IN"
6822,"Batesville,IN"
6823,"Laporte,IN"
6824,"Muncie/Yorktown,IN"
6825,"Berne,IN"
6826,"Westfield,IN"
6827,"Laport,IN"
6828,"LaOtto,IN"
6829,"Whiteland,IN"
6830,"Rensselaer,IN"
6831,"Porter,IN"
6832,"Covington,IN"
6833,"Pendleton,IN"
6834,"Guion,IN"
6835,"Kendallville,IN"
6836,"Boonville,IN"
6837,"Hagerstown,IN"
6838,"Schneider,IN"
6839,"Culver,IN"
6840,"Walkerton,IN"
6841,"Mount Pleasant,IN"
6842,"Wanamaker,IN"
6843,"West Harrison,IN"
6844,"Acton,IN"
6845,"Rising Sun,IN"
6846,"Bloomington/Lake Monroe,IN"
6847,"Crawfordsville,IN"
6848,"Beverly Shores,IN"
6849,"MIshawaka,IN"
6850,"Dyer,IN"
6851,"Plymouth,IN"
6852,"Bremen,IN"
6853,"Cedar Lake,IN"
6854,"Leo/Laotto/Garrett,IN"
6855,"Griffith,IN"
6856,"Lawrenceburg,IN"
6857,"Bright In,IN"
6858,"Blanford,IN"
6859,"Chrisney,IN"
6860,"New Paris,IN"
6861,"Monticello,IN"
6862,"Bennington,IN"
6863,"Fremont,IN"
6864,"Churubusco,IN"
6865,"Jasonvill,IN"
6866,"DeMotte-Roselawn,IN"
6867,"Linton,IN"
6868,"Mount Summit,IN"
6869,"Schererville/Merrillville,IN"
6870,"Merrillville,IN"
6871,"New Whiteland,IN"
6872,"Hebron,IN"
6873,"Washington,IN"
6874,"Greencastle,IN"
6875,Cincinnati 
6876,"Burns Harbor,IN"
6877,"Winchester,IN"
6878,"Dale,IN"
6879,"Kingsford Hieghts,IN"
6880,"Odon,IN"
6881,"Kimmell,IN"
6882,"Monon,IN"
6883,"Borden,IN"
6884,"Frankfort,IN"
6885,"North Webster,IN"
6886,"Nashville,IN"
6887,"Salem,IN"
6888,"Oldenburg,IN"
6889,"Dublin,IN"
6890,"Terre haute outskirts,IN"
6891,"Jonesboro,IN"
6892,"Syracuse,IN"
6893,"Cloverdale,IN"
6894,Batesville 
6895,"Cincinnati,IN"
6896,"Greenville,IN"
6897,"Granger,IN"
6898,"Markle,IN"
6899,Remington 
6900,"Rochester,IN"
6901,"Lexington,IN"
6902,"Tell City,IN"
6903,"Putnamville,IN"
6904,"Shoals,IN"
6905,"Eaton,IN"
6906,"Frankton,IN"
6907,"Brookville,IN"
6908,"Lanesville,IN"
6909,"Campground Kendallville,IN"
6910,"Cicero,IN"
6911,"French Lick,IN"
6912,"Decatur,IN"
6913,"Paoli,IN"
6914,"Rockville,IN"
6915,"Sheridan,IN"
6916,"Charlottesville,IN"
6917,"Fillmore,IN"
6918,"Majenica,IN"
6919,"Loogootee,IN"
6920,"Warrington/Eden,IN"
6921,"Sharpsville,IN"
6922,"Edinburgh,IN"
6923,"New Salisbury,IN"
6924,"Garrett,IN"
6925,"Hartford City,IN"
6926,"Shelbville,IN"
6927,"Battleground,IN"
6928,"Lagro/Wabash,IN"
6929,Kokomo 
6930,"Mackey,IN"
6931,"Granger/Mishawaka,IN"
6932,"Bristol,IN"
6933,"Converse,IN"
6934,"Huntingburg,IN"
6935,"Denver,IN"
6936,"Scipio,IN"
6937,"Chicago,IN"
6938,Indiana/Ohio 
6939,"Ireland,IN"
6940,"Yankeetown,IN"
6941,"Monroeville,IN"
6942,"Clear Lake,IN"
6943,"Charlestown,IN"
6944,"Nabb,IN"
6945,"Greencastle.,IN"
6946,"Zanesville,IN"
6947,"Atlanta,IN"
6948,"North Manchester,IN"
6949,"Fortville,IN"
6950,"Lake Station,IN"
6951,"Otterbein,IN"
6952,"South Milford,IN"
6953,"Davill,IN"
6954,"Osgood, Pierceville, Milan,IN"
6955,"Merrillville/Schererville,IN"
6956,"Hammond/Whitting,IN"
6957,"Calumet City,IN"
6958,"Mt. Comfort,IN"
6959,"East Chicago,IN"
6960,"SOHO satellite photo,IN"
6961,"Merriville and Gary,IN"
6962,"Mucie,IN"
6963,"New Washington,IN"
6964,"Dana,IN"
6965,"Mt. Vernon,IN"
6966,"Knox,IN"
6967,"Owensville,IN"
6968,"Eaton-Muncie,IN"
6969,"St. Charles,IN"
6970,"Fort Branch,IN"
6971,"Farmland,IN"
6972,"Winnamac,IN"
6973,"Mitchell,IN"
6974,"New Haven,IN"
6975,"Springport,IN"
6976,"Edwardsport,IN"
6977,"Jefforsonville,IN"
6978,Interstate 70 
6979,"Roann,IN"
6980,"Indy,IN"
6981,"Indianapolis Speedway,IN"
6982,"Speedway,IN"
6983,"Mulberry,IN"
6984,"Solsberry,IN"
6985,"Coydon,IN"
6986,"Hamlet,IN"
6987,Peru 
6988,Peru/Kokomo 
6989,"Veedersburg,IN"
6990,Burlington 
6991,"Emison,IN"
6992,Converse 
6993,"Bass Lake/Culver,IN"
6994,"Lizton,IN"
6995,"Gary/Hammond,IN"
6996,"Argos,IN"
6997,Edinburgh 
6998,"Battle Ground,IN"
6999,"Pittsboro,IN"
7000,"Crawfordville,IN"
7001,"Ft Branch,IN"
7002,"Walton,IN"
7003,"Winamac,IN"
7004,"Leiters Ford,IN"
7005,"Peru/Rochester,IN"
7006,"Moorsville,IN"
7007,"Fiat,IN"
7008,"Merriam,IN"
7009,"Flora,IN"
7010,"Kingman,IN"
7011,Westfield 
7012,"Charestown,IN"
7013,"New Castle,IN"
7014,"Lynnville,IN"
7015,"Central,IN"
7016,"Marinsvile,IN"
7017,"Crandall,IN"
7018,"Arcadia,IN"
7019,"Bicknell,IN"
7020,"Country,IN"
7021,"Saint John,IN"
7022,"Elberfeld,IN"
7023,"Hamilton,IN"
7024,"Albany,IN"
7025,"Yorktown,IN"
7026,"Howe,IN"
7027,"Buck Creek,IN"
7028,"Patoka,IN"
7029,"North Judson/Knox,IN"
7030,"Memphis,IN"
7031,"Heltonville,IN"
7032,"Talbot/Boswell/Chase/Oxford,IN"
7033,"Martinsville/Mooresville,IN"
7034,"Roachdale,IN"
7035,"Haubstadt,IN"
7036,"Winslow,IN"
7037,Illinois State line 
7038,"Westville,IN"
7039,"Cayuga,IN"
7040,"Pleasant Mills,IN"
7041,"New Carlisle,IN"
7042,Bloomington/New Unionville 
7043,Lucerne 
7044,"Pierceton,IN"
7045,"Rockford,IN"
7046,"Camp Atturburry,IN"
7047,"Ceder Lake,IN"
7048,"Pekin,IN"
7049,"Avilla,IN"
7050,Lowell 
7051,Richmond 
7052,Versailles 
7053,"Bentonville,IN"
7054,"Straughn,IN"
7055,Grissom AFB 
7056,"Deerfield,IN"
7057,Demotte 
7058,"Leo,IN"
7059,"Poseyville,IN"
7060,"Auburn,IN"
7061,"Greentown,IN"
7062,Jay Co. into Wells Co. 
7063,"Dale Ville,IN"
7064,"Rockport,IN"
7065,"Rushcreek,IN"
7066,"Twelve Mile,IN"
7067,Ft. Wayne 
7068,"Greendale,IN"
7069,"Indian Heights,IN"
7070,I-64 
7071,"Dunkirk,IN"
7072,"Kingsford Heights,IN"
7073,"N. Judson,IN"
7074,"Crossville,IN"
7075,"logansport,IN"
7076,"Rome City,IN"
7077,"Bristow,IN"
7078,"Coatsville,IN"
7079,Greencastle 
7080,Brownsburg 
7081,"Americus,IN"
7082,"Hartford city,IN"
7083,"Harlan,IN"
7084,"Knightstown,IN"
7085,Mulberry 
7086,"Swayzee,IN"
7087,"New Ross,IN"
7088,"Fairmount,IN"
7089,Terre Haute 
7090,"Francesville,IN"
7091,Logansport 
7092,"Ridinger Lake,IN"
7093,Dale 
7094,"Praire Creek,IN"
7095,"Daleville,IN"
7096,"Woodburn,IN"
7097,"Carthage,IN"
7098,"Montezuma,IN"
7099,"Graybill,IN"
7100,"Wolf Lake,IN"
7101,"Medaryville,IN"
7102,"New Goshen,IN"
7103,"Morgantown-Martinsville area,IN"
7104,"Oxford,IN"
7105,"Westphalia,IN"
7106,"Monroe,IN"
7107,"Logansport/Kokomo.,IN"
7108,"Huron,IN"
7109,"Grovertown,IN"
7110,"Nyona Lake,IN"
7111,Wabash River 
7112,Greenfield 
7113,Morroco 
7114,Pendleton 
7115,Fortville 
7116,"Brownstown,IN"
7117,"Newton,KS"
7118,"Dodge City,KS"
7119,"Plains,KS"
7120,"Highland,KS"
7121,"Basehor,KS"
7122,"Atchison,KS"
7123,"Wichita,KS"
7124,"Shawnee,KS"
7125,"Lawrence,KS"
7126,"Hays,KS"
7127,Hays 
7128,"Turner,KS"
7129,"Mission,KS"
7130,"Winchester,KS"
7131,"Olathe,KS"
7132,"Derby,KS"
7133,"Walker,KS"
7134,"Gardner,KS"
7135,"Columbus,KS"
7136,"Banner Springs,KS"
7137,"Logan,KS"
7138,"Overland Park,KS"
7139,"Topeka,KS"
7140,"Wilson Lake,KS"
7141,"Wellington,KS"
7142,"Leawood,KS"
7143,"Bel Aire,KS"
7144,"Oak Hill,KS"
7145,"Effingham,KS"
7146,"Kansas City,KS"
7147,"Pretty Prairie,KS"
7148,"Potwin,KS"
7149,"Andover,KS"
7150,"Manhattan,KS"
7151,East of Kingman 
7152,"Ellsworth,KS"
7153,"El Dorado,KS"
7154,"Saint Francis,KS"
7155,"Lebo,KS"
7156,"Seneca,KS"
7157,"Council Grove,KS"
7158,"Hutchinson,KS"
7159,"Larned,KS"
7160,"Valley Falls,KS"
7161,"Eudora,KS"
7162,"Pittsburg,KS"
7163,"Augusta,KS"
7164,"Marysville,KS"
7165,"Dexter,KS"
7166,"Winfield,KS"
7167,"Herington,KS"
7168,"Jewell,KS"
7169,"Fall River,KS"
7170,"Elk City Lake,KS"
7171,"Valley Center,KS"
7172,"Hill City,KS"
7173,"Mulberry Township,KS"
7174,"Lindsborg,KS"
7175,"McPherson,KS"
7176,"Kansas,KS"
7177,"Concordia,KS"
7178,"Colby,KS"
7179,"Lakin,KS"
7180,"Glasco,KS"
7181,"Abilene,KS"
7182,"Merriam,KS"
7183,"Phillipsburg,KS"
7184,"Lenexa,KS"
7185,"Ellis,KS"
7186,"Maize,KS"
7187,"Ft. Riley,KS"
7188,"Earth\\\\\\'s Moon,KS"
7189,"Luray,KS"
7190,"Emporia,KS"
7191,"Tribune,KS"
7192,"Salina,KS"
7193,"Scott City,KS"
7194,"Reading,KS"
7195,"Goodland,KS"
7196,"Saint John,KS"
7197,"Louisburg,KS"
7198,Ottawa 
7199,"Junction City,KS"
